question,img_url
Can you see any life forms? How many of each?,http://i.imgur.com/LrkqDT6.jpg
Can you see any life forms? How many of each?,http://i.imgur.com/V6nGJyI.jpg
Can you see any life forms? How many of each?,http://i.imgur.com/JpZD6mS.jpg
Can you see any life forms? How many of each?,http://i.imgur.com/XdHE3Vg.jpg
Can you see any life forms? How many of each?,http://i.imgur.com/oncGw7u.jpg
Can you see any life forms? How many of each?,http://i.imgur.com/2aDgpSM.jpg
Can you see any life forms? How many of each?,http://i.imgur.com/E40qmyA.jpg
Can you see any life forms? How many of each?,http://i.imgur.com/T4H3Cvt.jpg
Can you see any life forms? How many of each?,http://i.imgur.com/84jveD6.jpg
Can you see any life forms? How many of each?,http://i.imgur.com/QFrSbFv.jpg